ImageID,Subset,OriginalURL,OriginalLandingURL,License,AuthorProfileURL,Author,Title,OriginalSize,OriginalMD5,Thumbnail300KURL,Rotation
0003-RCC,default,,,,,,,,,,
0003-RMLO,default,,,,,,,,,,
0005-LMLO,default,,,,,,,,,,
0012-LCC,default,,,,,,,,,,
0012-LMLO,default,,,,,,,,,,
0012-RCC,default,,,,,,,,,,
0012-RMLO,default,,,,,,,,,,
0013-LCC,default,,,,,,,,,,
0014-RMLO,default,,,,,,,,,,
0016-LCC,default,,,,,,,,,,
0016-RMLO,default,,,,,,,,,,
0017-LMLO,default,,,,,,,,,,
0018-LCC,default,,,,,,,,,,
0018-LMLO,default,,,,,,,,,,
0019-RCC,default,,,,,,,,,,
0019-RMLO,default,,,,,,,,,,
0020-LCC,default,,,,,,,,,,
0020-LMLO,default,,,,,,,,,,
0020-RCC,default,,,,,,,,,,
0020-RMLO,default,,,,,,,,,,
0021-LCC,default,,,,,,,,,,
0021-LMLO,default,,,,,,,,,,
0022-RCC,default,,,,,,,,,,
0023-RCC,default,,,,,,,,,,
0025-RCC,default,,,,,,,,,,
0025-RMLO,default,,,,,,,,,,
0026-RMLO,default,,,,,,,,,,
0027-RCC,default,,,,,,,,,,
0027-RMLO,default,,,,,,,,,,
0028-LCC,default,,,,,,,,,,
0029-LCC,default,,,,,,,,,,
0029-LMLO,default,,,,,,,,,,
0030-RCC,default,,,,,,,,,,
0030-RMLO,default,,,,,,,,,,
0031-RCC,default,,,,,,,,,,
0031-RMLO,default,,,,,,,,,,
0032-LCC,default,,,,,,,,,,
0032-LMLO,default,,,,,,,,,,
0032-RCC,default,,,,,,,,,,
0032-RMLO,default,,,,,,,,,,
0033-LCC,default,,,,,,,,,,
0033-LMLO,default,,,,,,,,,,
0034-LMLO,default,,,,,,,,,,
0035-RMLO,default,,,,,,,,,,
0036-LMLO,default,,,,,,,,,,
0042-LCC,default,,,,,,,,,,
0042-LMLO,default,,,,,,,,,,
0043-LCC,default,,,,,,,,,,
0044-LCC,default,,,,,,,,,,
0044-LMLO,default,,,,,,,,,,
0046-LCC,default,,,,,,,,,,
0046-RCC,default,,,,,,,,,,
0046-RMLO,default,,,,,,,,,,
0049-LCC,default,,,,,,,,,,
0049-LMLO,default,,,,,,,,,,
0049-RCC,default,,,,,,,,,,
0061-RMLO,default,,,,,,,,,,
0062-RMLO,default,,,,,,,,,,
0063-RCC,default,,,,,,,,,,
0063-RMLO,default,,,,,,,,,,
0067-LCC,default,,,,,,,,,,
0067-LMLO,default,,,,,,,,,,
0068-RMLO,default,,,,,,,,,,
0074-LCC,default,,,,,,,,,,
0074-LMLO,default,,,,,,,,,,
0081-LCC,default,,,,,,,,,,
0082-LCC,default,,,,,,,,,,
0082-LMLO,default,,,,,,,,,,
0084-RMLO,default,,,,,,,,,,
0092-LCC,default,,,,,,,,,,
0092-LMLO,default,,,,,,,,,,
0095-LCC,default,,,,,,,,,,
0097-RMLO,default,,,,,,,,,,
0098-LCC,default,,,,,,,,,,
0098-LMLO,default,,,,,,,,,,
0100-LCC,default,,,,,,,,,,
0107-RCC,default,,,,,,,,,,
0107-RMLO,default,,,,,,,,,,
0115-RCC,default,,,,,,,,,,
0117-RCC,default,,,,,,,,,,
0117-RMLO,default,,,,,,,,,,
0121-LCC,default,,,,,,,,,,
0121-LMLO,default,,,,,,,,,,
0122-RMLO,default,,,,,,,,,,
0131-LCC,default,,,,,,,,,,
0142-LMLO,default,,,,,,,,,,
0145-LMLO,default,,,,,,,,,,
0150-LCC,default,,,,,,,,,,
0150-LMLO,default,,,,,,,,,,
0151-RCC,default,,,,,,,,,,
0151-RMLO,default,,,,,,,,,,
0152-RCC,default,,,,,,,,,,
0152-RMLO,default,,,,,,,,,,
0153-LCC,default,,,,,,,,,,
0153-LMLO,default,,,,,,,,,,
0164-RCC,default,,,,,,,,,,
0164-RMLO,default,,,,,,,,,,
0174-RCC,default,,,,,,,,,,
0174-RMLO,default,,,,,,,,,,
0179-RCC,default,,,,,,,,,,
0180-RMLO,default,,,,,,,,,,
0183-LCC,default,,,,,,,,,,
0183-LMLO,default,,,,,,,,,,
0183-RCC,default,,,,,,,,,,
0183-RMLO,default,,,,,,,,,,
0186-RCC,default,,,,,,,,,,
0187-LCC,default,,,,,,,,,,
0187-LMLO,default,,,,,,,,,,
0188-RCC,default,,,,,,,,,,
0188-RMLO,default,,,,,,,,,,
0189-LCC,default,,,,,,,,,,
0189-LMLO,default,,,,,,,,,,
0189-RCC,default,,,,,,,,,,
0193-LMLO,default,,,,,,,,,,
0195-LCC,default,,,,,,,,,,
0195-LMLO,default,,,,,,,,,,
0195-RMLO,default,,,,,,,,,,
0197-LMLO,default,,,,,,,,,,
0204-RCC,default,,,,,,,,,,
0204-RMLO,default,,,,,,,,,,
0206-RCC,default,,,,,,,,,,
0210-LCC,default,,,,,,,,,,
0210-LMLO,default,,,,,,,,,,
0210-RCC,default,,,,,,,,,,
0219-LCC,default,,,,,,,,,,
0219-LMLO,default,,,,,,,,,,
0220-RCC,default,,,,,,,,,,
0220-RMLO,default,,,,,,,,,,
0231-RCC,default,,,,,,,,,,
0238-LCC,default,,,,,,,,,,
0238-LMLO,default,,,,,,,,,,
0238-RMLO,default,,,,,,,,,,
0252-LCC,default,,,,,,,,,,
0252-LMLO,default,,,,,,,,,,
0252-RCC,default,,,,,,,,,,
0257-LMLO,default,,,,,,,,,,
0258-LCC,default,,,,,,,,,,
0258-LMLO,default,,,,,,,,,,
0258-RCC,default,,,,,,,,,,
0258-RMLO,default,,,,,,,,,,
0259-RCC,default,,,,,,,,,,
0259-RMLO,default,,,,,,,,,,
0262-RCC,default,,,,,,,,,,
0263-LCC,default,,,,,,,,,,
0263-LMLO,default,,,,,,,,,,
0271-LCC,default,,,,,,,,,,
0279-LCC,default,,,,,,,,,,
0279-LMLO,default,,,,,,,,,,
0281-RCC,default,,,,,,,,,,
0281-RMLO,default,,,,,,,,,,
0286-RCC,default,,,,,,,,,,
0286-RMLO,default,,,,,,,,,,
0287-LMLO,default,,,,,,,,,,
0288-LMLO,default,,,,,,,,,,
0300-RCC,default,,,,,,,,,,
0307-RMLO,default,,,,,,,,,,
0308-LCC,default,,,,,,,,,,
0311-LMLO,default,,,,,,,,,,
0313-LCC,default,,,,,,,,,,
0313-LMLO,default,,,,,,,,,,
0314-RCC,default,,,,,,,,,,
0320-RCC,default,,,,,,,,,,
0320-RMLO,default,,,,,,,,,,
0321-RCC,default,,,,,,,,,,
0323-RMLO,default,,,,,,,,,,
0328-RMLO,default,,,,,,,,,,
0332-RMLO,default,,,,,,,,,,
0334-RCC,default,,,,,,,,,,
0340-RCC,default,,,,,,,,,,
0340-RMLO,default,,,,,,,,,,
0341-RCC,default,,,,,,,,,,
0341-RMLO,default,,,,,,,,,,
0347-RCC,default,,,,,,,,,,
0347-RMLO,default,,,,,,,,,,
0352-LCC,default,,,,,,,,,,
0352-LMLO,default,,,,,,,,,,
0352-RMLO,default,,,,,,,,,,
0371-RMLO,default,,,,,,,,,,
0373-RCC,default,,,,,,,,,,
0382-RCC,default,,,,,,,,,,
0382-RMLO,default,,,,,,,,,,
0384-RMLO,default,,,,,,,,,,
0392-RCC,default,,,,,,,,,,
0397-RMLO,default,,,,,,,,,,
0406-RCC,default,,,,,,,,,,
0406-RMLO,default,,,,,,,,,,
0407-RCC,default,,,,,,,,,,
0407-RMLO,default,,,,,,,,,,
0412-RCC,default,,,,,,,,,,
0413-LCC,default,,,,,,,,,,
0413-LMLO,default,,,,,,,,,,
0415-LCC,default,,,,,,,,,,
0415-LMLO,default,,,,,,,,,,
0419-RCC,default,,,,,,,,,,
0419-RMLO,default,,,,,,,,,,
0422-LCC,default,,,,,,,,,,
0422-LMLO,default,,,,,,,,,,
0422-RCC,default,,,,,,,,,,
0422-RMLO,default,,,,,,,,,,
0433-RCC,default,,,,,,,,,,
0433-RMLO,default,,,,,,,,,,
0447-LCC,default,,,,,,,,,,
0447-LMLO,default,,,,,,,,,,
0454-RCC,default,,,,,,,,,,
0454-RMLO,default,,,,,,,,,,
0459-LCC,default,,,,,,,,,,
0459-LMLO,default,,,,,,,,,,
0463-LCC,default,,,,,,,,,,
0463-LMLO,default,,,,,,,,,,
0466-LCC,default,,,,,,,,,,
0466-RMLO,default,,,,,,,,,,
0475-LCC,default,,,,,,,,,,
0475-LMLO,default,,,,,,,,,,
0475-RCC,default,,,,,,,,,,
0475-RMLO,default,,,,,,,,,,
0477-RCC,default,,,,,,,,,,
0477-RMLO,default,,,,,,,,,,
0493-LMLO,default,,,,,,,,,,
0495-LCC,default,,,,,,,,,,
0499-LCC,default,,,,,,,,,,
0499-LMLO,default,,,,,,,,,,
0500-LCC,default,,,,,,,,,,
0511-RCC,default,,,,,,,,,,
0520-LMLO,default,,,,,,,,,,
0520-RCC,default,,,,,,,,,,
0530-RCC,default,,,,,,,,,,
0530-RMLO,default,,,,,,,,,,
0536-RMLO,default,,,,,,,,,,
0537-LMLO,default,,,,,,,,,,
0539-LCC,default,,,,,,,,,,
0539-LMLO,default,,,,,,,,,,
0540-LCC,default,,,,,,,,,,
0541-RMLO,default,,,,,,,,,,
0542-LCC,default,,,,,,,,,,
0542-LMLO,default,,,,,,,,,,
0542-RMLO,default,,,,,,,,,,
0555-LCC,default,,,,,,,,,,
0555-LMLO,default,,,,,,,,,,
0559-LCC,default,,,,,,,,,,
0562-LCC,default,,,,,,,,,,
0562-LMLO,default,,,,,,,,,,
0579-RCC,default,,,,,,,,,,
0590-LCC,default,,,,,,,,,,
0590-RCC,default,,,,,,,,,,
0590-RMLO,default,,,,,,,,,,
0603-RCC,default,,,,,,,,,,
0604-RMLO,default,,,,,,,,,,
0605-LCC,default,,,,,,,,,,
0605-LMLO,default,,,,,,,,,,
0621-LMLO,default,,,,,,,,,,
0633-LCC,default,,,,,,,,,,
0633-LMLO,default,,,,,,,,,,
0642-LCC,default,,,,,,,,,,
0642-LMLO,default,,,,,,,,,,
0642-RCC,default,,,,,,,,,,
0644-LCC,default,,,,,,,,,,
0692-RCC,default,,,,,,,,,,
0692-RMLO,default,,,,,,,,,,
0695-LMLO,default,,,,,,,,,,
0721-LCC,default,,,,,,,,,,
0721-LMLO,default,,,,,,,,,,
0738-RCC,default,,,,,,,,,,
0738-RMLO,default,,,,,,,,,,
0744-LCC,default,,,,,,,,,,
0744-LMLO,default,,,,,,,,,,
0753-LCC,default,,,,,,,,,,
0759-RCC,default,,,,,,,,,,
0761-RCC,default,,,,,,,,,,
0761-RMLO,default,,,,,,,,,,
0770-RCC,default,,,,,,,,,,
0770-RMLO,default,,,,,,,,,,
0793-LCC,default,,,,,,,,,,
0793-LMLO,default,,,,,,,,,,
0794-LCC,default,,,,,,,,,,
0794-LMLO,default,,,,,,,,,,
0794-RCC,default,,,,,,,,,,
0794-RMLO,default,,,,,,,,,,
0821-LCC,default,,,,,,,,,,
0821-LMLO,default,,,,,,,,,,
0823-LCC,default,,,,,,,,,,
0823-LMLO,default,,,,,,,,,,
0823-RCC,default,,,,,,,,,,
0823-RMLO,default,,,,,,,,,,
0824-RMLO,default,,,,,,,,,,
0826-LCC,default,,,,,,,,,,
0829-LCC,default,,,,,,,,,,
0832-RCC,default,,,,,,,,,,
0832-RMLO,default,,,,,,,,,,
0833-LMLO,default,,,,,,,,,,
0837-LCC,default,,,,,,,,,,
0837-LMLO,default,,,,,,,,,,
0848-LMLO,default,,,,,,,,,,
0853-RCC,default,,,,,,,,,,
0853-RMLO,default,,,,,,,,,,
0865-LCC,default,,,,,,,,,,
0870-RCC,default,,,,,,,,,,
0874-LMLO,default,,,,,,,,,,
0878-LCC,default,,,,,,,,,,
0878-LMLO,default,,,,,,,,,,
0884-RCC,default,,,,,,,,,,
0884-RMLO,default,,,,,,,,,,
0885-RCC,default,,,,,,,,,,
0885-RMLO,default,,,,,,,,,,
0886-LCC,default,,,,,,,,,,
0887-RCC,default,,,,,,,,,,
0887-RMLO,default,,,,,,,,,,
0888-RCC,default,,,,,,,,,,
0889-LCC,default,,,,,,,,,,
0889-LMLO,default,,,,,,,,,,
0890-RCC,default,,,,,,,,,,
0890-RMLO,default,,,,,,,,,,
0891-LCC,default,,,,,,,,,,
0891-LMLO,default,,,,,,,,,,
0901-LCC,default,,,,,,,,,,
0901-LMLO,default,,,,,,,,,,
0908-LCC,default,,,,,,,,,,
0908-LMLO,default,,,,,,,,,,
0915-LCC,default,,,,,,,,,,
0917-RCC,default,,,,,,,,,,
0920-LCC,default,,,,,,,,,,
0920-LMLO,default,,,,,,,,,,
0921-RCC,default,,,,,,,,,,
0921-RMLO,default,,,,,,,,,,
0922-RCC,default,,,,,,,,,,
0922-RMLO,default,,,,,,,,,,
0923-RCC,default,,,,,,,,,,
0923-RMLO,default,,,,,,,,,,
0924-RMLO,default,,,,,,,,,,
0926-RCC,default,,,,,,,,,,
0926-RMLO,default,,,,,,,,,,
0927-RCC,default,,,,,,,,,,
0928-LCC,default,,,,,,,,,,
0928-LMLO,default,,,,,,,,,,
0928-RMLO,default,,,,,,,,,,
0931-LCC,default,,,,,,,,,,
0931-LMLO,default,,,,,,,,,,
0932-LMLO,default,,,,,,,,,,
0933-LCC,default,,,,,,,,,,
0933-LMLO,default,,,,,,,,,,
0934-LCC,default,,,,,,,,,,
0934-LMLO,default,,,,,,,,,,
0936-LCC,default,,,,,,,,,,
0937-RCC,default,,,,,,,,,,
0937-RMLO,default,,,,,,,,,,
0939-LCC,default,,,,,,,,,,
0940-RCC,default,,,,,,,,,,
0940-RMLO,default,,,,,,,,,,
0941-LCC,default,,,,,,,,,,
0941-LMLO,default,,,,,,,,,,
0943-RMLO,default,,,,,,,,,,
0944-RCC,default,,,,,,,,,,
0944-RMLO,default,,,,,,,,,,
0946-RCC,default,,,,,,,,,,
0947-LMLO,default,,,,,,,,,,
0948-LMLO,default,,,,,,,,,,
0949-LCC,default,,,,,,,,,,
0949-LMLO,default,,,,,,,,,,
0953-RCC,default,,,,,,,,,,
0953-RMLO,default,,,,,,,,,,
0957-LCC,default,,,,,,,,,,
0957-LMLO,default,,,,,,,,,,
0959-LCC,default,,,,,,,,,,
0961-RCC,default,,,,,,,,,,
0961-RMLO,default,,,,,,,,,,
0963-LCC,default,,,,,,,,,,
0963-LMLO,default,,,,,,,,,,
0964-LCC,default,,,,,,,,,,
0964-LMLO,default,,,,,,,,,,
0965-RCC,default,,,,,,,,,,
0965-RMLO,default,,,,,,,,,,
0967-RCC,default,,,,,,,,,,
0967-RMLO,default,,,,,,,,,,
0968-RCC,default,,,,,,,,,,
0968-RMLO,default,,,,,,,,,,
0969-LCC,default,,,,,,,,,,
0969-LMLO,default,,,,,,,,,,
0970-RCC,default,,,,,,,,,,
0970-RMLO,default,,,,,,,,,,
0971-LCC,default,,,,,,,,,,
0972-RCC,default,,,,,,,,,,
0972-RMLO,default,,,,,,,,,,
0973-RCC,default,,,,,,,,,,
0973-RMLO,default,,,,,,,,,,
0975-LCC,default,,,,,,,,,,
0978-LCC,default,,,,,,,,,,
0978-LMLO,default,,,,,,,,,,
0979-RCC,default,,,,,,,,,,
0982-LCC,default,,,,,,,,,,
0982-RMLO,default,,,,,,,,,,
0983-LCC,default,,,,,,,,,,
0983-LMLO,default,,,,,,,,,,
0984-RMLO,default,,,,,,,,,,
0985-RCC,default,,,,,,,,,,
0985-RMLO,default,,,,,,,,,,
