<annotation>
  <folder></folder>
  <filename>0003-RCC.png</filename>
  <source>
    <database>Unknown</database>
    <annotation>Unknown</annotation>
    <image>Unknown</image>
  </source>
  <size>
    <width>2560</width>
    <height>3328</height>
    <depth></depth>
  </size>
  <segmented>0</segmented>
  <object>
    <name>benign_mass</name>
    <truncated>0</truncated>
    <occluded>0</occluded>
    <difficult>0</difficult>
    <bndbox>
      <xmin>2238.87</xmin>
      <ymin>1446.72</ymin>
      <xmax>2444.26</xmax>
      <ymax>1604.52</ymax>
    </bndbox>
    <attributes>
      <attribute>
        <name>rotation</name>
        <value>0.0</value>
      </attribute>
    </attributes>
  </object>
</annotation>
