<annotation>
  <folder></folder>
  <filename>0012-RMLO.png</filename>
  <source>
    <database>Unknown</database>
    <annotation>Unknown</annotation>
    <image>Unknown</image>
  </source>
  <size>
    <width>3328</width>
    <height>4096</height>
    <depth></depth>
  </size>
  <segmented>0</segmented>
  <object>
    <name>benign_mass</name>
    <truncated>0</truncated>
    <occluded>0</occluded>
    <difficult>0</difficult>
    <bndbox>
      <xmin>2620.9</xmin>
      <ymin>3164.2</ymin>
      <xmax>2811.79</xmax>
      <ymax>3390.67</ymax>
    </bndbox>
    <attributes>
      <attribute>
        <name>rotation</name>
        <value>0.0</value>
      </attribute>
    </attributes>
  </object>
  <object>
    <name>benign_mass</name>
    <truncated>0</truncated>
    <occluded>0</occluded>
    <difficult>0</difficult>
    <bndbox>
      <xmin>2583.08</xmin>
      <ymin>3420.6</ymin>
      <xmax>2718.48</xmax>
      <ymax>3567.09</ymax>
    </bndbox>
    <attributes>
      <attribute>
        <name>rotation</name>
        <value>0.0</value>
      </attribute>
    </attributes>
  </object>
</annotation>
