<annotation>
  <folder></folder>
  <filename>0049-RCC.png</filename>
  <source>
    <database>Unknown</database>
    <annotation>Unknown</annotation>
    <image>Unknown</image>
  </source>
  <size>
    <width>4728</width>
    <height>5928</height>
    <depth></depth>
  </size>
  <segmented>0</segmented>
  <object>
    <name>benign_mass</name>
    <truncated>0</truncated>
    <occluded>0</occluded>
    <difficult>0</difficult>
    <bndbox>
      <xmin>4267.46</xmin>
      <ymin>2876.74</ymin>
      <xmax>4719.84</xmax>
      <ymax>3204.76</ymax>
    </bndbox>
    <attributes>
      <attribute>
        <name>rotation</name>
        <value>0.0</value>
      </attribute>
    </attributes>
  </object>
  <object>
    <name>benign_calcification</name>
    <truncated>0</truncated>
    <occluded>0</occluded>
    <difficult>0</difficult>
    <bndbox>
      <xmin>4616.32</xmin>
      <ymin>3094.77</ymin>
      <xmax>4677.85</xmax>
      <ymax>3151.46</ymax>
    </bndbox>
    <attributes>
      <attribute>
        <name>rotation</name>
        <value>0.0</value>
      </attribute>
    </attributes>
  </object>
</annotation>
