<annotation>
  <folder></folder>
  <filename>0121-LMLO.png</filename>
  <source>
    <database>Unknown</database>
    <annotation>Unknown</annotation>
    <image>Unknown</image>
  </source>
  <size>
    <width>4728</width>
    <height>5928</height>
    <depth></depth>
  </size>
  <segmented>0</segmented>
  <object>
    <name>malignant_mass</name>
    <truncated>0</truncated>
    <occluded>0</occluded>
    <difficult>0</difficult>
    <bndbox>
      <xmin>687.5</xmin>
      <ymin>3756.24</ymin>
      <xmax>1041.01</xmax>
      <ymax>4079.51</ymax>
    </bndbox>
    <attributes>
      <attribute>
        <name>rotation</name>
        <value>0.0</value>
      </attribute>
    </attributes>
  </object>
  <object>
    <name>malignant_mass</name>
    <truncated>0</truncated>
    <occluded>0</occluded>
    <difficult>0</difficult>
    <bndbox>
      <xmin>761.69</xmin>
      <ymin>2951.55</ymin>
      <xmax>1468.93</xmax>
      <ymax>3435.3</ymax>
    </bndbox>
    <attributes>
      <attribute>
        <name>rotation</name>
        <value>0.0</value>
      </attribute>
    </attributes>
  </object>
</annotation>
