<annotation>
  <folder></folder>
  <filename>0252-LCC.png</filename>
  <source>
    <database>Unknown</database>
    <annotation>Unknown</annotation>
    <image>Unknown</image>
  </source>
  <size>
    <width>3540</width>
    <height>4740</height>
    <depth></depth>
  </size>
  <segmented>0</segmented>
  <object>
    <name>benign_calcification</name>
    <truncated>0</truncated>
    <occluded>0</occluded>
    <difficult>0</difficult>
    <bndbox>
      <xmin>349.35</xmin>
      <ymin>1645.91</ymin>
      <xmax>517.24</xmax>
      <ymax>1814.87</ymax>
    </bndbox>
    <attributes>
      <attribute>
        <name>rotation</name>
        <value>0.0</value>
      </attribute>
    </attributes>
  </object>
  <object>
    <name>benign_calcification</name>
    <truncated>0</truncated>
    <occluded>0</occluded>
    <difficult>0</difficult>
    <bndbox>
      <xmin>670.39</xmin>
      <ymin>1180.75</ymin>
      <xmax>839.7</xmax>
      <ymax>1312.47</ymax>
    </bndbox>
    <attributes>
      <attribute>
        <name>rotation</name>
        <value>0.0</value>
      </attribute>
    </attributes>
  </object>
</annotation>
