<annotation>
  <folder></folder>
  <filename>0352-LMLO.png</filename>
  <source>
    <database>Unknown</database>
    <annotation>Unknown</annotation>
    <image>Unknown</image>
  </source>
  <size>
    <width>4728</width>
    <height>5928</height>
    <depth></depth>
  </size>
  <segmented>0</segmented>
  <object>
    <name>benign_calcification</name>
    <truncated>0</truncated>
    <occluded>0</occluded>
    <difficult>0</difficult>
    <bndbox>
      <xmin>868.35</xmin>
      <ymin>4623.67</ymin>
      <xmax>1035.8</xmax>
      <ymax>4791.12</ymax>
    </bndbox>
    <attributes>
      <attribute>
        <name>rotation</name>
        <value>0.0</value>
      </attribute>
    </attributes>
  </object>
  <object>
    <name>malignant_mass</name>
    <truncated>0</truncated>
    <occluded>0</occluded>
    <difficult>0</difficult>
    <bndbox>
      <xmin>416.24</xmin>
      <ymin>4548.32</ymin>
      <xmax>1060.92</xmax>
      <ymax>5025.55</ymax>
    </bndbox>
    <attributes>
      <attribute>
        <name>rotation</name>
        <value>0.0</value>
      </attribute>
    </attributes>
  </object>
</annotation>
