<annotation>
  <folder></folder>
  <filename>0406-RMLO.png</filename>
  <source>
    <database>Unknown</database>
    <annotation>Unknown</annotation>
    <image>Unknown</image>
  </source>
  <size>
    <width>4728</width>
    <height>5928</height>
    <depth></depth>
  </size>
  <segmented>0</segmented>
  <object>
    <name>malignant_mass</name>
    <truncated>0</truncated>
    <occluded>0</occluded>
    <difficult>0</difficult>
    <bndbox>
      <xmin>3192.43</xmin>
      <ymin>3203.68</ymin>
      <xmax>3617.75</xmax>
      <ymax>3595.51</ymax>
    </bndbox>
    <attributes>
      <attribute>
        <name>rotation</name>
        <value>0.0</value>
      </attribute>
    </attributes>
  </object>
  <object>
    <name>malignant_mass</name>
    <truncated>0</truncated>
    <occluded>0</occluded>
    <difficult>0</difficult>
    <bndbox>
      <xmin>3451.9</xmin>
      <ymin>2850.2</ymin>
      <xmax>4116.5</xmax>
      <ymax>3724.25</ymax>
    </bndbox>
    <attributes>
      <attribute>
        <name>rotation</name>
        <value>0.0</value>
      </attribute>
    </attributes>
  </object>
</annotation>
