<annotation>
  <folder></folder>
  <filename>0539-LMLO.png</filename>
  <source>
    <database>Unknown</database>
    <annotation>Unknown</annotation>
    <image>Unknown</image>
  </source>
  <size>
    <width>3540</width>
    <height>4740</height>
    <depth></depth>
  </size>
  <segmented>0</segmented>
  <object>
    <name>malignant_calcification</name>
    <truncated>0</truncated>
    <occluded>0</occluded>
    <difficult>0</difficult>
    <bndbox>
      <xmin>169.41</xmin>
      <ymin>2852.14</ymin>
      <xmax>243.15</xmax>
      <ymax>2940.09</ymax>
    </bndbox>
    <attributes>
      <attribute>
        <name>rotation</name>
        <value>0.0</value>
      </attribute>
    </attributes>
  </object>
</annotation>
