<annotation>
  <folder></folder>
  <filename>0605-LCC.png</filename>
  <source>
    <database>Unknown</database>
    <annotation>Unknown</annotation>
    <image>Unknown</image>
  </source>
  <size>
    <width>4728</width>
    <height>5928</height>
    <depth></depth>
  </size>
  <segmented>0</segmented>
  <object>
    <name>malignant_calcification</name>
    <truncated>0</truncated>
    <occluded>0</occluded>
    <difficult>0</difficult>
    <bndbox>
      <xmin>1699.54</xmin>
      <ymin>3557.18</ymin>
      <xmax>1807.91</xmax>
      <ymax>3629.85</ymax>
    </bndbox>
    <attributes>
      <attribute>
        <name>rotation</name>
        <value>0.0</value>
      </attribute>
    </attributes>
  </object>
  <object>
    <name>malignant_calcification</name>
    <truncated>0</truncated>
    <occluded>0</occluded>
    <difficult>0</difficult>
    <bndbox>
      <xmin>585.2</xmin>
      <ymin>3263.24</ymin>
      <xmax>1100.52</xmax>
      <ymax>3570.1</ymax>
    </bndbox>
    <attributes>
      <attribute>
        <name>rotation</name>
        <value>0.0</value>
      </attribute>
    </attributes>
  </object>
  <object>
    <name>malignant_mass</name>
    <truncated>0</truncated>
    <occluded>1</occluded>
    <difficult>0</difficult>
    <bndbox>
      <xmin>506.66</xmin>
      <ymin>3187.65</ymin>
      <xmax>1136.53</xmax>
      <ymax>3593.03</ymax>
    </bndbox>
    <attributes>
      <attribute>
        <name>rotation</name>
        <value>0.0</value>
      </attribute>
    </attributes>
  </object>
</annotation>
