<annotation>
  <folder></folder>
  <filename>0794-RCC.png</filename>
  <source>
    <database>Unknown</database>
    <annotation>Unknown</annotation>
    <image>Unknown</image>
  </source>
  <size>
    <width>3540</width>
    <height>4740</height>
    <depth></depth>
  </size>
  <segmented>0</segmented>
  <object>
    <name>benign_calcification</name>
    <truncated>0</truncated>
    <occluded>0</occluded>
    <difficult>0</difficult>
    <bndbox>
      <xmin>2347.34</xmin>
      <ymin>1804.18</ymin>
      <xmax>2486.96</xmax>
      <ymax>1932.8</ymax>
    </bndbox>
    <attributes>
      <attribute>
        <name>rotation</name>
        <value>0.0</value>
      </attribute>
    </attributes>
  </object>
</annotation>
