<annotation>
  <folder></folder>
  <filename>0885-RMLO.png</filename>
  <source>
    <database>Unknown</database>
    <annotation>Unknown</annotation>
    <image>Unknown</image>
  </source>
  <size>
    <width>3328</width>
    <height>4096</height>
    <depth></depth>
  </size>
  <segmented>0</segmented>
  <object>
    <name>benign_mass</name>
    <truncated>0</truncated>
    <occluded>0</occluded>
    <difficult>0</difficult>
    <bndbox>
      <xmin>1860.85</xmin>
      <ymin>974.62</ymin>
      <xmax>2100.44</xmax>
      <ymax>1299.38</ymax>
    </bndbox>
    <attributes>
      <attribute>
        <name>rotation</name>
        <value>0.0</value>
      </attribute>
    </attributes>
  </object>
  <object>
    <name>malignant_calcification</name>
    <truncated>0</truncated>
    <occluded>0</occluded>
    <difficult>0</difficult>
    <bndbox>
      <xmin>1595.33</xmin>
      <ymin>1774.7</ymin>
      <xmax>2411.71</xmax>
      <ymax>2630.2</ymax>
    </bndbox>
    <attributes>
      <attribute>
        <name>rotation</name>
        <value>0.0</value>
      </attribute>
    </attributes>
  </object>
  <object>
    <name>malignant_mass</name>
    <truncated>0</truncated>
    <occluded>1</occluded>
    <difficult>0</difficult>
    <bndbox>
      <xmin>1557.65</xmin>
      <ymin>2091.22</ymin>
      <xmax>1789.24</xmax>
      <ymax>2434.66</ymax>
    </bndbox>
    <attributes>
      <attribute>
        <name>rotation</name>
        <value>0.0</value>
      </attribute>
    </attributes>
  </object>
  <object>
    <name>malignant_mass</name>
    <truncated>0</truncated>
    <occluded>1</occluded>
    <difficult>0</difficult>
    <bndbox>
      <xmin>1827.62</xmin>
      <ymin>1738.33</ymin>
      <xmax>2479.59</xmax>
      <ymax>2147.33</ymax>
    </bndbox>
    <attributes>
      <attribute>
        <name>rotation</name>
        <value>0.0</value>
      </attribute>
    </attributes>
  </object>
</annotation>
