<annotation>
  <folder></folder>
  <filename>0936-LCC.png</filename>
  <source>
    <database>Unknown</database>
    <annotation>Unknown</annotation>
    <image>Unknown</image>
  </source>
  <size>
    <width>3328</width>
    <height>4096</height>
    <depth></depth>
  </size>
  <segmented>0</segmented>
  <object>
    <name>benign_calcification</name>
    <truncated>0</truncated>
    <occluded>0</occluded>
    <difficult>0</difficult>
    <bndbox>
      <xmin>1557.26</xmin>
      <ymin>1931.37</ymin>
      <xmax>1602.92</xmax>
      <ymax>1976.01</ymax>
    </bndbox>
    <attributes>
      <attribute>
        <name>rotation</name>
        <value>0.0</value>
      </attribute>
    </attributes>
  </object>
  <object>
    <name>malignant_calcification</name>
    <truncated>0</truncated>
    <occluded>0</occluded>
    <difficult>0</difficult>
    <bndbox>
      <xmin>1233.91</xmin>
      <ymin>1816.06</ymin>
      <xmax>1364.11</xmax>
      <ymax>2002.98</ymax>
    </bndbox>
    <attributes>
      <attribute>
        <name>rotation</name>
        <value>0.0</value>
      </attribute>
    </attributes>
  </object>
  <object>
    <name>malignant_mass</name>
    <truncated>0</truncated>
    <occluded>1</occluded>
    <difficult>0</difficult>
    <bndbox>
      <xmin>891.13</xmin>
      <ymin>2061.28</ymin>
      <xmax>1510.64</xmax>
      <ymax>2586.09</ymax>
    </bndbox>
    <attributes>
      <attribute>
        <name>rotation</name>
        <value>0.0</value>
      </attribute>
    </attributes>
  </object>
  <object>
    <name>malignant_calcification</name>
    <truncated>0</truncated>
    <occluded>1</occluded>
    <difficult>0</difficult>
    <bndbox>
      <xmin>1101.03</xmin>
      <ymin>2062.13</ymin>
      <xmax>1502.86</xmax>
      <ymax>2355.06</ymax>
    </bndbox>
    <attributes>
      <attribute>
        <name>rotation</name>
        <value>0.0</value>
      </attribute>
    </attributes>
  </object>
</annotation>
