<annotation>
  <folder></folder>
  <filename>0947-LMLO.png</filename>
  <source>
    <database>Unknown</database>
    <annotation>Unknown</annotation>
    <image>Unknown</image>
  </source>
  <size>
    <width>2560</width>
    <height>3328</height>
    <depth></depth>
  </size>
  <segmented>0</segmented>
  <object>
    <name>benign_mass</name>
    <truncated>0</truncated>
    <occluded>0</occluded>
    <difficult>0</difficult>
    <bndbox>
      <xmin>615.44</xmin>
      <ymin>581.38</ymin>
      <xmax>767.87</xmax>
      <ymax>737.08</ymax>
    </bndbox>
    <attributes>
      <attribute>
        <name>rotation</name>
        <value>0.0</value>
      </attribute>
    </attributes>
  </object>
  <object>
    <name>malignant_mass</name>
    <truncated>0</truncated>
    <occluded>0</occluded>
    <difficult>0</difficult>
    <bndbox>
      <xmin>992.57</xmin>
      <ymin>1505.38</ymin>
      <xmax>1205.81</xmax>
      <ymax>1745.09</ymax>
    </bndbox>
    <attributes>
      <attribute>
        <name>rotation</name>
        <value>0.0</value>
      </attribute>
    </attributes>
  </object>
</annotation>
