<annotation>
  <folder></folder>
  <filename>0973-RCC.png</filename>
  <source>
    <database>Unknown</database>
    <annotation>Unknown</annotation>
    <image>Unknown</image>
  </source>
  <size>
    <width>3328</width>
    <height>4096</height>
    <depth></depth>
  </size>
  <segmented>0</segmented>
  <object>
    <name>malignant_calcification</name>
    <truncated>0</truncated>
    <occluded>0</occluded>
    <difficult>0</difficult>
    <bndbox>
      <xmin>2792.51</xmin>
      <ymin>2326.22</ymin>
      <xmax>2885.5</xmax>
      <ymax>2402.16</ymax>
    </bndbox>
    <attributes>
      <attribute>
        <name>rotation</name>
        <value>0.0</value>
      </attribute>
    </attributes>
  </object>
  <object>
    <name>malignant_mass</name>
    <truncated>0</truncated>
    <occluded>0</occluded>
    <difficult>0</difficult>
    <bndbox>
      <xmin>2618.12</xmin>
      <ymin>2306.65</ymin>
      <xmax>2969.85</xmax>
      <ymax>2672.27</ymax>
    </bndbox>
    <attributes>
      <attribute>
        <name>rotation</name>
        <value>0.0</value>
      </attribute>
    </attributes>
  </object>
  <object>
    <name>malignant_mass</name>
    <truncated>0</truncated>
    <occluded>0</occluded>
    <difficult>0</difficult>
    <bndbox>
      <xmin>2053.04</xmin>
      <ymin>1179.27</ymin>
      <xmax>2534.59</xmax>
      <ymax>2411.1</ymax>
    </bndbox>
    <attributes>
      <attribute>
        <name>rotation</name>
        <value>0.0</value>
      </attribute>
    </attributes>
  </object>
</annotation>
